DateTime,Open,High,Low,Closing Price
2023-05-24 15:00:00,26254.93000000,26259.67000000,26080.50000000,26150.00000000
2023-05-24 15:15:00,26150.01000000,26334.98000000,26144.13000000,26322.23000000
2023-05-24 15:30:00,26322.22000000,26377.63000000,26260.00000000,26298.77000000
2023-05-24 15:45:00,26298.77000000,26333.37000000,26288.89000000,26314.69000000
2023-05-24 16:00:00,26314.69000000,26326.47000000,26230.79000000,26260.51000000
2023-05-24 16:15:00,26260.51000000,26260.57000000,26185.01000000,26212.37000000
2023-05-24 16:30:00,26212.37000000,26240.00000000,26159.97000000,26191.30000000
2023-05-24 16:45:00,26191.30000000,26238.01000000,26169.62000000,26238.01000000
2023-05-24 17:00:00,26238.01000000,26238.79000000,26170.18000000,26203.44000000
2023-05-24 17:15:00,26203.44000000,26297.93000000,26202.64000000,26269.60000000
2023-05-24 17:30:00,26269.60000000,26358.99000000,26269.60000000,26342.49000000
2023-05-24 17:45:00,26342.48000000,26350.00000000,26259.97000000,26285.01000000
2023-05-24 18:00:00,26285.01000000,26324.41000000,26238.14000000,26281.36000000
2023-05-24 18:15:00,26281.35000000,26293.64000000,26227.74000000,26239.83000000
2023-05-24 18:30:00,26239.84000000,26285.48000000,26234.81000000,26278.97000000
2023-05-24 18:45:00,26278.97000000,26279.88000000,26214.00000000,26220.55000000
2023-05-24 19:00:00,26220.55000000,26259.95000000,26201.67000000,26257.11000000
2023-05-24 19:15:00,26257.11000000,26348.00000000,26237.34000000,26317.73000000
2023-05-24 19:30:00,26317.73000000,26397.64000000,26297.66000000,26298.86000000
2023-05-24 19:45:00,26298.86000000,26302.13000000,26232.36000000,26252.33000000
2023-05-24 20:00:00,26252.34000000,26287.09000000,26242.62000000,26254.96000000
2023-05-24 20:15:00,26254.95000000,26422.04000000,26254.95000000,26418.33000000
2023-05-24 20:30:00,26418.34000000,26486.46000000,26351.17000000,26351.17000000
2023-05-24 20:45:00,26351.18000000,26474.99000000,26322.95000000,26404.18000000
2023-05-24 21:00:00,26404.18000000,26464.65000000,26404.18000000,26424.57000000
2023-05-24 21:15:00,26424.57000000,26428.60000000,26377.30000000,26402.70000000
2023-05-24 21:30:00,26402.70000000,26407.31000000,26365.04000000,26377.45000000
2023-05-24 21:45:00,26377.45000000,26377.46000000,26310.48000000,26368.66000000
2023-05-24 22:00:00,26368.66000000,26382.77000000,26353.85000000,26382.74000000
2023-05-24 22:15:00,26382.73000000,26406.00000000,26336.17000000,26336.17000000
2023-05-24 22:30:00,26336.17000000,26364.29000000,26313.47000000,26346.69000000
2023-05-24 22:45:00,26346.69000000,26373.78000000,26336.96000000,26348.52000000
2023-05-24 23:00:00,26348.52000000,26394.16000000,26344.17000000,26385.49000000
2023-05-24 23:15:00,26385.48000000,26385.49000000,26318.25000000,26325.37000000
2023-05-24 23:30:00,26325.38000000,26360.07000000,26325.37000000,26360.06000000
2023-05-24 23:45:00,26360.07000000,26368.71000000,26329.00000000,26329.01000000
2023-05-25 00:00:00,26329.00000000,26394.37000000,26310.23000000,26357.29000000
2023-05-25 00:15:00,26357.29000000,26362.08000000,26269.47000000,26283.36000000
2023-05-25 00:30:00,26283.35000000,26289.95000000,26212.94000000,26221.60000000
2023-05-25 00:45:00,26221.59000000,26264.86000000,26197.12000000,26236.47000000
2023-05-25 01:00:00,26236.46000000,26318.58000000,26226.33000000,26239.13000000
2023-05-25 01:15:00,26239.12000000,26239.13000000,25871.89000000,25968.06000000
2023-05-25 01:30:00,25968.07000000,26142.36000000,25949.64000000,26100.78000000
2023-05-25 01:45:00,26100.79000000,26147.61000000,26050.17000000,26124.08000000
2023-05-25 02:00:00,26124.08000000,26142.12000000,26095.99000000,26139.99000000
2023-05-25 02:15:00,26139.98000000,26147.00000000,26080.22000000,26091.09000000
2023-05-25 02:30:00,26091.09000000,26105.18000000,26052.88000000,26095.81000000
2023-05-25 02:45:00,26095.81000000,26127.89000000,26085.17000000,26122.71000000
2023-05-25 03:00:00,26122.72000000,26227.71000000,26122.71000000,26155.27000000
2023-05-25 03:15:00,26155.26000000,26202.81000000,26140.56000000,26199.98000000
2023-05-25 03:30:00,26199.99000000,26219.68000000,26169.99000000,26190.48000000
2023-05-25 03:45:00,26190.49000000,26207.70000000,26183.72000000,26183.72000000
2023-05-25 04:00:00,26183.73000000,26202.00000000,26153.00000000,26201.78000000
2023-05-25 04:15:00,26201.79000000,26254.33000000,26194.13000000,26207.93000000
2023-05-25 04:30:00,26207.94000000,26269.30000000,26207.93000000,26222.20000000
2023-05-25 04:45:00,26222.21000000,26234.82000000,26202.90000000,26224.39000000
2023-05-25 05:00:00,26224.39000000,26238.60000000,26217.94000000,26222.99000000
2023-05-25 05:15:00,26222.98000000,26279.45000000,26214.40000000,26273.74000000
2023-05-25 05:30:00,26273.74000000,26274.05000000,26226.07000000,26235.22000000
2023-05-25 05:45:00,26235.22000000,26265.40000000,26235.21000000,26260.12000000
2023-05-25 06:00:00,26260.11000000,26300.00000000,26247.87000000,26247.87000000
2023-05-25 06:15:00,26247.88000000,26260.14000000,26238.46000000,26252.28000000
2023-05-25 06:30:00,26252.29000000,26274.40000000,26220.01000000,26256.54000000
2023-05-25 06:45:00,26256.53000000,26288.39000000,26247.83000000,26261.27000000
2023-05-25 07:00:00,26261.26000000,26267.29000000,26215.42000000,26236.66000000
2023-05-25 07:15:00,26236.66000000,26236.67000000,26178.16000000,26197.84000000
2023-05-25 07:30:00,26197.84000000,26200.00000000,26138.01000000,26156.99000000
2023-05-25 07:45:00,26156.99000000,26168.25000000,26126.76000000,26131.27000000
2023-05-25 08:00:00,26131.27000000,26212.60000000,26128.37000000,26173.47000000
2023-05-25 08:15:00,26173.48000000,26216.56000000,26172.52000000,26216.56000000
2023-05-25 08:30:00,26216.55000000,26252.26000000,26216.55000000,26237.74000000
2023-05-25 08:45:00,26237.75000000,26242.43000000,26216.81000000,26223.87000000
2023-05-25 09:00:00,26223.87000000,26255.71000000,26223.04000000,26241.68000000
2023-05-25 09:15:00,26241.69000000,26255.00000000,26228.71000000,26239.90000000
2023-05-25 09:30:00,26239.90000000,26260.29000000,26239.65000000,26254.35000000
2023-05-25 09:45:00,26254.36000000,26286.76000000,26244.03000000,26284.76000000
2023-05-25 10:00:00,26284.76000000,26302.88000000,26242.46000000,26242.99000000
2023-05-25 10:15:00,26242.99000000,26278.52000000,26241.61000000,26261.81000000
2023-05-25 10:30:00,26261.82000000,26279.15000000,26237.76000000,26243.75000000
2023-05-25 10:45:00,26243.75000000,26248.18000000,26213.79000000,26248.18000000
2023-05-25 11:00:00,26248.17000000,26262.39000000,26244.26000000,26253.78000000
2023-05-25 11:15:00,26253.78000000,26257.09000000,26217.96000000,26217.96000000
2023-05-25 11:30:00,26217.97000000,26233.43000000,26205.84000000,26224.30000000
2023-05-25 11:45:00,26224.31000000,26335.16000000,26224.30000000,26296.62000000
2023-05-25 12:00:00,26296.61000000,26499.99000000,26296.61000000,26390.47000000
2023-05-25 12:15:00,26390.46000000,26459.24000000,26390.46000000,26411.99000000
2023-05-25 12:30:00,26411.99000000,26460.00000000,26377.86000000,26414.50000000
2023-05-25 12:45:00,26414.51000000,26417.35000000,26357.51000000,26403.52000000
2023-05-25 13:00:00,26403.52000000,26421.26000000,26356.66000000,26401.78000000
2023-05-25 13:15:00,26401.78000000,26432.96000000,26387.15000000,26400.42000000
2023-05-25 13:30:00,26400.43000000,26412.41000000,26283.32000000,26322.26000000
2023-05-25 13:45:00,26322.26000000,26348.59000000,26269.53000000,26338.37000000
2023-05-25 14:00:00,26338.36000000,26410.02000000,26290.00000000,26307.24000000
2023-05-25 14:15:00,26307.24000000,26405.49000000,26287.90000000,26386.18000000
2023-05-25 14:30:00,26386.17000000,26422.60000000,26360.00000000,26393.99000000
2023-05-25 14:45:00,26393.99000000,26426.85000000,26347.53000000,26364.65000000
2023-05-25 15:00:00,26364.66000000,26382.10000000,26340.26000000,26363.35000000
2023-05-25 15:15:00,26363.36000000,26391.71000000,26269.79000000,26269.80000000
2023-05-25 15:30:00,26269.79000000,26280.00000000,26168.60000000,26214.90000000
2023-05-25 15:45:00,26214.90000000,26251.11000000,26180.83000000,26226.12000000
2023-05-25 16:00:00,26226.12000000,26257.43000000,26207.47000000,26251.83000000
2023-05-25 16:15:00,26251.82000000,26320.03000000,26222.91000000,26250.63000000
2023-05-25 16:30:00,26250.62000000,26273.00000000,26230.69000000,26265.83000000
2023-05-25 16:45:00,26265.84000000,26291.05000000,26265.08000000,26276.73000000
2023-05-25 17:00:00,26276.73000000,26304.21000000,26250.31000000,26255.71000000
2023-05-25 17:15:00,26255.72000000,26328.59000000,26250.01000000,26321.73000000
2023-05-25 17:30:00,26321.73000000,26384.85000000,26321.73000000,26355.06000000
2023-05-25 17:45:00,26355.06000000,26393.75000000,26338.89000000,26350.84000000
2023-05-25 18:00:00,26350.85000000,26405.31000000,26330.47000000,26335.57000000
2023-05-25 18:15:00,26335.58000000,26413.08000000,26331.28000000,26401.99000000
2023-05-25 18:30:00,26402.00000000,26402.00000000,26353.28000000,26357.43000000
2023-05-25 18:45:00,26357.42000000,26376.03000000,26347.00000000,26374.54000000
2023-05-25 19:00:00,26374.53000000,26631.98000000,26370.16000000,26534.74000000
2023-05-25 19:15:00,26534.74000000,26560.00000000,26491.66000000,26503.95000000
2023-05-25 19:30:00,26503.95000000,26503.96000000,26416.85000000,26454.56000000
2023-05-25 19:45:00,26454.57000000,26493.78000000,26444.24000000,26468.68000000
2023-05-25 20:00:00,26468.67000000,26522.80000000,26458.52000000,26500.16000000
2023-05-25 20:15:00,26500.15000000,26500.16000000,26462.47000000,26482.33000000
2023-05-25 20:30:00,26482.33000000,26484.27000000,26461.91000000,26476.57000000
2023-05-25 20:45:00,26476.57000000,26498.05000000,26476.56000000,26485.21000000
2023-05-25 21:00:00,26485.21000000,26485.22000000,26437.53000000,26457.30000000
2023-05-25 21:15:00,26457.30000000,26470.40000000,26443.28000000,26450.48000000
2023-05-25 21:30:00,26450.47000000,26469.20000000,26442.46000000,26443.08000000
2023-05-25 21:45:00,26443.08000000,26475.86000000,26443.07000000,26475.86000000
2023-05-25 22:00:00,26475.85000000,26475.86000000,26449.70000000,26469.46000000
2023-05-25 22:15:00,26469.46000000,26478.44000000,26442.50000000,26460.00000000
2023-05-25 22:30:00,26460.00000000,26464.01000000,26432.46000000,26433.90000000
2023-05-25 22:45:00,26433.89000000,26459.07000000,26433.89000000,26454.41000000
2023-05-25 23:00:00,26454.41000000,26536.30000000,26454.41000000,26524.55000000
2023-05-25 23:15:00,26524.54000000,26551.02000000,26488.43000000,26496.93000000
2023-05-25 23:30:00,26496.92000000,26496.93000000,26465.55000000,26472.15000000
2023-05-25 23:45:00,26472.15000000,26482.47000000,26468.82000000,26473.79000000
2023-05-26 00:00:00,26473.80000000,26480.61000000,26438.00000000,26453.09000000
2023-05-26 00:15:00,26453.09000000,26496.07000000,26453.09000000,26487.19000000
2023-05-26 00:30:00,26487.19000000,26505.24000000,26446.80000000,26454.62000000
2023-05-26 00:45:00,26454.61000000,26469.94000000,26384.36000000,26469.93000000
2023-05-26 01:00:00,26469.94000000,26510.15000000,26459.84000000,26493.96000000
2023-05-26 01:15:00,26493.95000000,26539.34000000,26410.36000000,26432.72000000
2023-05-26 01:30:00,26432.71000000,26473.86000000,26412.59000000,26412.60000000
2023-05-26 01:45:00,26412.59000000,26423.39000000,26350.00000000,26414.90000000
2023-05-26 02:00:00,26414.90000000,26442.37000000,26400.01000000,26400.01000000
2023-05-26 02:15:00,26400.02000000,26424.10000000,26385.36000000,26415.79000000
2023-05-26 02:30:00,26415.78000000,26435.78000000,26411.21000000,26413.62000000
2023-05-26 02:45:00,26413.62000000,26441.80000000,26403.33000000,26403.34000000
2023-05-26 03:00:00,26403.34000000,26419.82000000,26394.54000000,26419.81000000
2023-05-26 03:15:00,26419.82000000,26436.70000000,26418.88000000,26418.89000000
2023-05-26 03:30:00,26418.89000000,26467.56000000,26418.26000000,26434.40000000
2023-05-26 03:45:00,26434.41000000,26454.32000000,26430.67000000,26435.14000000
2023-05-26 04:00:00,26435.14000000,26450.85000000,26432.49000000,26444.61000000
2023-05-26 04:15:00,26444.61000000,26447.02000000,26420.15000000,26423.46000000
2023-05-26 04:30:00,26423.46000000,26426.85000000,26410.03000000,26420.79000000
2023-05-26 04:45:00,26420.80000000,26434.54000000,26420.79000000,26426.43000000
2023-05-26 05:00:00,26426.44000000,26432.10000000,26400.00000000,26400.01000000
2023-05-26 05:15:00,26400.00000000,26402.87000000,26364.67000000,26377.14000000
2023-05-26 05:30:00,26377.14000000,26392.56000000,26358.66000000,26388.78000000
2023-05-26 05:45:00,26388.77000000,26388.78000000,26336.99000000,26347.43000000
2023-05-26 06:00:00,26347.44000000,26368.94000000,26327.24000000,26368.94000000
2023-05-26 06:15:00,26368.93000000,26399.89000000,26368.93000000,26392.63000000
2023-05-26 06:30:00,26392.64000000,26393.82000000,26370.00000000,26378.57000000
2023-05-26 06:45:00,26378.56000000,26442.80000000,26378.56000000,26434.40000000
2023-05-26 07:00:00,26434.40000000,26445.78000000,26414.36000000,26439.47000000
2023-05-26 07:15:00,26439.48000000,26477.43000000,26436.84000000,26441.79000000
2023-05-26 07:30:00,26441.78000000,26475.00000000,26441.78000000,26466.58000000
2023-05-26 07:45:00,26466.57000000,26534.05000000,26466.57000000,26501.33000000
2023-05-26 08:00:00,26501.34000000,26528.98000000,26489.21000000,26528.48000000
2023-05-26 08:15:00,26528.48000000,26528.48000000,26503.02000000,26512.84000000
2023-05-26 08:30:00,26512.84000000,26549.00000000,26471.11000000,26476.49000000
2023-05-26 08:45:00,26476.48000000,26503.00000000,26468.26000000,26473.36000000
2023-05-26 09:00:00,26473.37000000,26473.50000000,26449.69000000,26453.97000000
2023-05-26 09:15:00,26453.98000000,26461.51000000,26427.93000000,26431.77000000
2023-05-26 09:30:00,26431.78000000,26461.75000000,26430.00000000,26461.75000000
2023-05-26 09:45:00,26461.74000000,26461.75000000,26434.64000000,26445.45000000
2023-05-26 10:00:00,26445.46000000,26445.46000000,26433.66000000,26433.67000000
2023-05-26 10:15:00,26433.67000000,26454.46000000,26423.62000000,26446.78000000
2023-05-26 10:30:00,26446.77000000,26485.86000000,26444.11000000,26472.50000000
2023-05-26 10:45:00,26472.51000000,26472.51000000,26450.12000000,26450.13000000
2023-05-26 11:00:00,26450.12000000,26458.95000000,26431.76000000,26447.71000000
2023-05-26 11:15:00,26447.71000000,26455.00000000,26429.17000000,26450.04000000
2023-05-26 11:30:00,26450.04000000,26450.04000000,26431.40000000,26431.41000000
2023-05-26 11:45:00,26431.41000000,26500.00000000,26429.16000000,26463.29000000
2023-05-26 12:00:00,26463.29000000,26478.19000000,26459.95000000,26478.18000000
2023-05-26 12:15:00,26478.19000000,26478.58000000,26452.32000000,26452.33000000
2023-05-26 12:30:00,26452.33000000,26528.64000000,26355.81000000,26403.27000000
2023-05-26 12:45:00,26403.27000000,26453.27000000,26396.51000000,26440.04000000
2023-05-26 13:00:00,26440.04000000,26503.00000000,26440.04000000,26491.57000000
2023-05-26 13:15:00,26491.57000000,26492.75000000,26445.01000000,26466.57000000
2023-05-26 13:30:00,26466.56000000,26587.98000000,26466.56000000,26549.04000000
2023-05-26 13:45:00,26549.05000000,26593.35000000,26528.17000000,26539.97000000
2023-05-26 14:00:00,26539.98000000,26654.91000000,26539.97000000,26599.99000000
2023-05-26 14:15:00,26600.00000000,26836.02000000,26599.99000000,26777.10000000
2023-05-26 14:30:00,26777.09000000,26932.16000000,26757.73000000,26764.69000000
2023-05-26 14:45:00,26764.69000000,26829.03000000,26756.05000000,26760.01000000
2023-05-26 15:00:00,26760.00000000,26819.66000000,26757.17000000,26806.69000000
2023-05-26 15:15:00,26806.69000000,26817.24000000,26769.53000000,26815.44000000
2023-05-26 15:30:00,26815.44000000,26846.29000000,26779.85000000,26782.43000000
2023-05-26 15:45:00,26782.43000000,26801.00000000,26741.61000000,26750.21000000
2023-05-26 16:00:00,26750.22000000,26780.96000000,26744.63000000,26760.44000000
2023-05-26 16:15:00,26760.43000000,26830.00000000,26760.43000000,26820.11000000
2023-05-26 16:30:00,26820.11000000,26820.12000000,26791.87000000,26799.74000000
2023-05-26 16:45:00,26799.75000000,26810.00000000,26790.72000000,26792.36000000
2023-05-26 17:00:00,26792.35000000,26810.00000000,26780.97000000,26809.99000000
2023-05-26 17:15:00,26810.00000000,26837.34000000,26767.78000000,26779.99000000
2023-05-26 17:30:00,26779.98000000,26792.67000000,26742.73000000,26748.68000000
2023-05-26 17:45:00,26748.67000000,26748.68000000,26686.04000000,26713.00000000
2023-05-26 18:00:00,26713.00000000,26719.10000000,26610.49000000,26659.15000000
2023-05-26 18:15:00,26659.14000000,26702.76000000,26635.83000000,26681.90000000
2023-05-26 18:30:00,26681.90000000,26757.09000000,26674.17000000,26744.53000000
2023-05-26 18:45:00,26744.52000000,26747.57000000,26718.52000000,26730.69000000
2023-05-26 19:00:00,26730.68000000,26793.53000000,26730.68000000,26780.55000000
2023-05-26 19:15:00,26780.56000000,26783.08000000,26741.41000000,26758.84000000
2023-05-26 19:30:00,26758.84000000,26822.88000000,26758.83000000,26804.19000000
2023-05-26 19:45:00,26804.18000000,26807.26000000,26761.95000000,26767.21000000
2023-05-26 20:00:00,26767.22000000,26786.67000000,26751.55000000,26786.66000000
2023-05-26 20:15:00,26786.67000000,26807.50000000,26750.96000000,26750.96000000
2023-05-26 20:30:00,26750.97000000,26780.95000000,26750.96000000,26764.75000000
2023-05-26 20:45:00,26764.74000000,26771.31000000,26736.11000000,26747.66000000
2023-05-26 21:00:00,26747.66000000,26790.00000000,26747.65000000,26759.86000000
2023-05-26 21:15:00,26759.85000000,26763.68000000,26726.87000000,26726.88000000
2023-05-26 21:30:00,26726.87000000,26736.54000000,26722.35000000,26728.68000000
2023-05-26 21:45:00,26728.67000000,26741.12000000,26722.47000000,26725.24000000
2023-05-26 22:00:00,26725.23000000,26753.02000000,26725.23000000,26753.01000000
2023-05-26 22:15:00,26753.02000000,26754.11000000,26733.96000000,26741.53000000
2023-05-26 22:30:00,26741.52000000,26745.32000000,26725.14000000,26732.04000000
2023-05-26 22:45:00,26732.04000000,26732.05000000,26686.00000000,26686.00000000
2023-05-26 23:00:00,26686.01000000,26717.02000000,26686.00000000,26717.01000000
2023-05-26 23:15:00,26717.02000000,26726.77000000,26696.59000000,26700.67000000
2023-05-26 23:30:00,26700.67000000,26718.44000000,26700.67000000,26718.43000000
2023-05-26 23:45:00,26718.43000000,26720.34000000,26703.20000000,26705.92000000
2023-05-27 00:00:00,26705.93000000,26713.40000000,26677.23000000,26678.86000000
2023-05-27 00:15:00,26678.87000000,26680.56000000,26644.96000000,26658.38000000
2023-05-27 00:30:00,26658.38000000,26667.48000000,26641.70000000,26641.70000000
2023-05-27 00:45:00,26641.70000000,26651.93000000,26633.00000000,26651.92000000
2023-05-27 01:00:00,26651.93000000,26670.13000000,26645.62000000,26655.96000000
2023-05-27 01:15:00,26655.96000000,26707.51000000,26655.95000000,26690.06000000
2023-05-27 01:30:00,26690.06000000,26702.99000000,26679.20000000,26699.90000000
2023-05-27 01:45:00,26699.91000000,26713.76000000,26688.73000000,26713.76000000
2023-05-27 02:00:00,26713.75000000,26727.80000000,26708.06000000,26712.51000000
2023-05-27 02:15:00,26712.51000000,26712.51000000,26691.48000000,26692.14000000
2023-05-27 02:30:00,26692.14000000,26724.62000000,26688.08000000,26713.07000000
2023-05-27 02:45:00,26713.07000000,26742.98000000,26704.75000000,26742.97000000
2023-05-27 03:00:00,26742.98000000,26748.71000000,26716.99000000,26720.18000000
2023-05-27 03:15:00,26720.18000000,26731.60000000,26713.15000000,26722.15000000
2023-05-27 03:30:00,26722.15000000,26782.73000000,26722.15000000,26772.53000000
2023-05-27 03:45:00,26772.53000000,26772.54000000,26744.25000000,26752.00000000
2023-05-27 04:00:00,26752.00000000,26759.45000000,26750.00000000,26750.00000000
2023-05-27 04:15:00,26750.00000000,26750.02000000,26725.50000000,26737.67000000
2023-05-27 04:30:00,26737.68000000,26781.68000000,26730.94000000,26773.29000000
2023-05-27 04:45:00,26773.30000000,26786.51000000,26760.95000000,26760.96000000
2023-05-27 05:00:00,26760.95000000,26763.71000000,26750.09000000,26750.10000000
2023-05-27 05:15:00,26750.10000000,26760.23000000,26738.63000000,26738.63000000
2023-05-27 05:30:00,26738.64000000,26745.84000000,26724.76000000,26734.02000000
2023-05-27 05:45:00,26734.02000000,26739.55000000,26725.16000000,26725.16000000
2023-05-27 06:00:00,26725.16000000,26737.84000000,26722.75000000,26735.42000000
2023-05-27 06:15:00,26735.43000000,26735.43000000,26710.01000000,26712.96000000
2023-05-27 06:30:00,26712.96000000,26729.26000000,26710.00000000,26726.61000000
2023-05-27 06:45:00,26726.62000000,26763.99000000,26726.61000000,26749.47000000
2023-05-27 07:00:00,26749.46000000,26749.47000000,26738.25000000,26738.26000000
2023-05-27 07:15:00,26738.25000000,26738.26000000,26716.36000000,26721.66000000
2023-05-27 07:30:00,26721.67000000,26725.65000000,26717.03000000,26720.43000000
2023-05-27 07:45:00,26720.43000000,26722.80000000,26710.00000000,26722.80000000
2023-05-27 08:00:00,26722.80000000,26722.80000000,26682.13000000,26690.65000000
2023-05-27 08:15:00,26690.65000000,26705.03000000,26686.03000000,26705.03000000
2023-05-27 08:30:00,26705.03000000,26708.31000000,26678.14000000,26689.72000000
2023-05-27 08:45:00,26689.72000000,26692.03000000,26676.17000000,26688.65000000
2023-05-27 09:00:00,26688.64000000,26691.99000000,26683.43000000,26691.75000000
2023-05-27 09:15:00,26691.75000000,26707.26000000,26691.74000000,26702.18000000
2023-05-27 09:30:00,26702.18000000,26727.05000000,26701.43000000,26707.87000000
2023-05-27 09:45:00,26707.87000000,26732.66000000,26699.16000000,26699.17000000
2023-05-27 10:00:00,26699.16000000,26707.17000000,26693.97000000,26703.18000000
2023-05-27 10:15:00,26703.19000000,26716.55000000,26697.92000000,26700.71000000
2023-05-27 10:30:00,26700.72000000,26700.72000000,26683.24000000,26698.85000000
2023-05-27 10:45:00,26698.86000000,26698.86000000,26667.93000000,26676.89000000
2023-05-27 11:00:00,26676.89000000,26688.68000000,26666.37000000,26688.67000000
2023-05-27 11:15:00,26688.68000000,26688.68000000,26675.62000000,26688.42000000
2023-05-27 11:30:00,26688.43000000,26701.52000000,26684.82000000,26701.52000000
2023-05-27 11:45:00,26701.52000000,26714.01000000,26699.00000000,26699.02000000
2023-05-27 12:00:00,26699.02000000,26704.26000000,26677.40000000,26701.09000000
2023-05-27 12:15:00,26701.09000000,26743.80000000,26701.09000000,26728.05000000
2023-05-27 12:30:00,26728.04000000,26743.44000000,26719.78000000,26731.15000000
2023-05-27 12:45:00,26731.15000000,26735.95000000,26711.50000000,26711.50000000
2023-05-27 13:00:00,26711.50000000,26720.02000000,26711.50000000,26717.59000000
2023-05-27 13:15:00,26717.58000000,26768.70000000,26717.08000000,26766.47000000
2023-05-27 13:30:00,26766.47000000,26777.77000000,26731.96000000,26731.96000000
2023-05-27 13:45:00,26731.97000000,26731.97000000,26551.00000000,26628.29000000
2023-05-27 14:00:00,26628.29000000,26663.34000000,26607.42000000,26662.85000000
2023-05-27 14:15:00,26662.85000000,26724.19000000,26622.38000000,26698.68000000
2023-05-27 14:30:00,26698.69000000,26698.69000000,26673.67000000,26677.04000000
2023-05-27 14:45:00,26677.04000000,26687.78000000,26654.34000000,26666.87000000
2023-05-27 15:00:00,26666.87000000,26671.19000000,26636.98000000,26636.99000000
2023-05-27 15:15:00,26636.99000000,26676.09000000,26636.98000000,26666.32000000
2023-05-27 15:30:00,26666.32000000,26677.69000000,26663.80000000,26663.80000000
2023-05-27 15:45:00,26663.80000000,26690.06000000,26659.38000000,26690.05000000
2023-05-27 16:00:00,26690.06000000,26694.26000000,26681.58000000,26681.81000000
2023-05-27 16:15:00,26681.80000000,26681.81000000,26647.57000000,26667.70000000
2023-05-27 16:30:00,26667.69000000,26677.93000000,26620.35000000,26641.99000000
2023-05-27 16:45:00,26641.98000000,26664.61000000,26641.98000000,26664.07000000
2023-05-27 17:00:00,26664.07000000,26673.19000000,26663.62000000,26670.50000000
2023-05-27 17:15:00,26670.51000000,26685.62000000,26666.54000000,26674.36000000
2023-05-27 17:30:00,26674.37000000,26737.66000000,26674.36000000,26732.33000000
2023-05-27 17:45:00,26732.34000000,26765.03000000,26721.03000000,26756.70000000
2023-05-27 18:00:00,26756.71000000,26761.70000000,26743.20000000,26743.20000000
2023-05-27 18:15:00,26743.21000000,26744.75000000,26727.54000000,26744.75000000
2023-05-27 18:30:00,26744.74000000,26846.00000000,26741.58000000,26792.11000000
2023-05-27 18:45:00,26792.12000000,26800.99000000,26702.63000000,26702.64000000
2023-05-27 19:00:00,26702.64000000,26740.00000000,26702.63000000,26739.99000000
2023-05-27 19:15:00,26740.00000000,26765.73000000,26736.47000000,26754.12000000
2023-05-27 19:30:00,26754.13000000,26764.93000000,26747.76000000,26753.32000000
2023-05-27 19:45:00,26753.32000000,26754.99000000,26729.00000000,26729.60000000
2023-05-27 20:00:00,26729.60000000,26744.21000000,26726.01000000,26741.16000000
2023-05-27 20:15:00,26741.15000000,26741.16000000,26729.19000000,26741.04000000
2023-05-27 20:30:00,26741.05000000,26742.16000000,26728.06000000,26742.15000000
2023-05-27 20:45:00,26742.16000000,26751.52000000,26737.42000000,26751.52000000
2023-05-27 21:00:00,26751.52000000,26774.95000000,26751.51000000,26774.95000000
2023-05-27 21:15:00,26774.94000000,26774.95000000,26733.84000000,26734.37000000
2023-05-27 21:30:00,26734.38000000,26753.15000000,26734.37000000,26744.40000000
2023-05-27 21:45:00,26744.39000000,26771.28000000,26742.72000000,26771.27000000
2023-05-27 22:00:00,26771.28000000,26791.56000000,26771.27000000,26785.22000000
2023-05-27 22:15:00,26785.23000000,26791.17000000,26761.88000000,26788.20000000
2023-05-27 22:30:00,26788.19000000,26819.59000000,26782.75000000,26816.18000000
2023-05-27 22:45:00,26816.18000000,26835.93000000,26788.72000000,26803.28000000
2023-05-27 23:00:00,26803.28000000,26829.86000000,26803.27000000,26821.37000000
2023-05-27 23:15:00,26821.37000000,26830.50000000,26817.27000000,26830.50000000
2023-05-27 23:30:00,26830.50000000,26895.00000000,26817.22000000,26856.36000000
2023-05-27 23:45:00,26856.36000000,26864.77000000,26835.79000000,26854.27000000
2023-05-28 00:00:00,26854.28000000,26864.35000000,26836.69000000,26843.69000000
2023-05-28 00:15:00,26843.70000000,26843.70000000,26764.36000000,26808.33000000
2023-05-28 00:30:00,26808.33000000,27040.00000000,26808.33000000,26996.73000000
2023-05-28 00:45:00,26996.74000000,27119.50000000,26940.00000000,27072.42000000
2023-05-28 01:00:00,27072.41000000,27165.62000000,27072.41000000,27109.20000000
2023-05-28 01:15:00,27109.19000000,27131.76000000,27071.40000000,27124.30000000
2023-05-28 01:30:00,27124.30000000,27139.88000000,27070.83000000,27129.99000000
2023-05-28 01:45:00,27129.98000000,27134.93000000,27090.49000000,27093.94000000
2023-05-28 02:00:00,27093.94000000,27117.04000000,27090.75000000,27105.58000000
2023-05-28 02:15:00,27105.58000000,27109.99000000,27090.49000000,27107.43000000
2023-05-28 02:30:00,27107.43000000,27129.64000000,27075.91000000,27076.40000000
2023-05-28 02:45:00,27076.39000000,27100.10000000,27072.16000000,27100.01000000
2023-05-28 03:00:00,27100.00000000,27148.00000000,27100.00000000,27113.14000000
2023-05-28 03:15:00,27113.15000000,27156.16000000,27113.14000000,27127.39000000
2023-05-28 03:30:00,27127.38000000,27220.85000000,27127.38000000,27156.40000000
2023-05-28 03:45:00,27156.39000000,27247.10000000,27152.10000000,27187.23000000
2023-05-28 04:00:00,27187.24000000,27285.52000000,27187.23000000,27218.37000000
2023-05-28 04:15:00,27218.38000000,27252.16000000,27198.18000000,27198.19000000
2023-05-28 04:30:00,27198.18000000,27210.19000000,27168.67000000,27191.94000000
2023-05-28 04:45:00,27191.94000000,27206.88000000,27167.97000000,27167.97000000
2023-05-28 05:00:00,27167.98000000,27190.81000000,27164.48000000,27174.86000000
2023-05-28 05:15:00,27174.86000000,27174.86000000,27139.29000000,27139.29000000
2023-05-28 05:30:00,27139.29000000,27149.89000000,27128.41000000,27128.41000000
2023-05-28 05:45:00,27128.41000000,27180.05000000,27128.41000000,27164.75000000
2023-05-28 06:00:00,27164.75000000,27207.93000000,27164.75000000,27195.91000000
2023-05-28 06:15:00,27195.90000000,27216.34000000,27171.68000000,27193.18000000
2023-05-28 06:30:00,27193.17000000,27228.49000000,27185.54000000,27228.48000000
2023-05-28 06:45:00,27228.49000000,27228.91000000,27184.89000000,27184.90000000
2023-05-28 07:00:00,27184.90000000,27201.81000000,27184.89000000,27191.69000000
2023-05-28 07:15:00,27191.69000000,27201.30000000,27182.01000000,27198.72000000
2023-05-28 07:30:00,27198.73000000,27217.81000000,27195.40000000,27202.10000000
2023-05-28 07:45:00,27202.11000000,27229.15000000,27201.98000000,27226.37000000
2023-05-28 08:00:00,27226.38000000,27247.42000000,27202.10000000,27216.91000000
2023-05-28 08:15:00,27216.90000000,27216.91000000,27182.30000000,27201.65000000
2023-05-28 08:30:00,27201.64000000,27208.28000000,27178.36000000,27178.37000000
2023-05-28 08:45:00,27178.37000000,27197.87000000,27178.36000000,27197.63000000
2023-05-28 09:00:00,27197.63000000,27198.99000000,27187.69000000,27195.63000000
2023-05-28 09:15:00,27195.64000000,27195.64000000,27166.67000000,27178.42000000
2023-05-28 09:30:00,27178.42000000,27179.80000000,27136.01000000,27140.90000000
2023-05-28 09:45:00,27140.90000000,27157.06000000,27140.90000000,27156.68000000
2023-05-28 10:00:00,27156.69000000,27160.78000000,27147.40000000,27147.40000000
2023-05-28 10:15:00,27147.41000000,27173.56000000,27147.19000000,27169.86000000
2023-05-28 10:30:00,27169.85000000,27196.99000000,27169.85000000,27192.46000000
2023-05-28 10:45:00,27192.46000000,27218.94000000,27190.44000000,27212.35000000
2023-05-28 11:00:00,27212.34000000,27237.41000000,27212.34000000,27237.41000000
2023-05-28 11:15:00,27237.40000000,27344.23000000,27179.00000000,27200.04000000
2023-05-28 11:30:00,27200.04000000,27216.86000000,27159.88000000,27165.14000000
2023-05-28 11:45:00,27165.14000000,27179.21000000,27153.75000000,27153.76000000
2023-05-28 12:00:00,27153.76000000,27179.54000000,27153.75000000,27177.66000000
2023-05-28 12:15:00,27177.67000000,27187.37000000,27159.67000000,27172.00000000
2023-05-28 12:30:00,27172.00000000,27172.00000000,27100.02000000,27140.43000000
2023-05-28 12:45:00,27140.42000000,27151.29000000,27128.29000000,27142.48000000
2023-05-28 13:00:00,27142.49000000,27155.92000000,27134.75000000,27148.13000000
2023-05-28 13:15:00,27148.12000000,27217.05000000,27146.20000000,27196.65000000
2023-05-28 13:30:00,27196.65000000,27226.46000000,27184.36000000,27187.84000000
2023-05-28 13:45:00,27187.84000000,27193.32000000,27174.56000000,27181.31000000
2023-05-28 14:00:00,27181.31000000,27202.86000000,27168.09000000,27202.85000000
2023-05-28 14:15:00,27202.86000000,27239.99000000,27188.28000000,27188.29000000
2023-05-28 14:30:00,27188.28000000,27214.97000000,27183.75000000,27214.96000000
2023-05-28 14:45:00,27214.97000000,27228.18000000,27190.19000000,27190.21000000
2023-05-28 15:00:00,27190.21000000,27228.51000000,27171.56000000,27227.01000000
2023-05-28 15:15:00,27227.01000000,27260.37000000,27213.75000000,27224.70000000
2023-05-28 15:30:00,27224.70000000,27280.00000000,27224.69000000,27240.75000000
2023-05-28 15:45:00,27240.76000000,27275.00000000,27236.66000000,27272.17000000
2023-05-28 16:00:00,27272.17000000,27344.00000000,27256.92000000,27309.99000000
2023-05-28 16:15:00,27310.00000000,27333.41000000,27224.70000000,27252.22000000
2023-05-28 16:30:00,27252.21000000,27281.32000000,27236.00000000,27258.49000000
2023-05-28 16:45:00,27258.49000000,27271.40000000,27245.00000000,27252.27000000
2023-05-28 17:00:00,27252.26000000,27258.52000000,27212.91000000,27250.95000000
2023-05-28 17:15:00,27250.96000000,27271.22000000,27243.19000000,27269.58000000
2023-05-28 17:30:00,27269.59000000,27424.44000000,27266.18000000,27358.81000000
2023-05-28 17:45:00,27358.81000000,27405.25000000,27319.99000000,27351.59000000
2023-05-28 18:00:00,27351.59000000,27378.15000000,27314.49000000,27373.99000000
2023-05-28 18:15:00,27373.98000000,27746.33000000,27368.21000000,27597.46000000
2023-05-28 18:30:00,27597.46000000,27649.85000000,27535.29000000,27628.99000000
2023-05-28 18:45:00,27629.00000000,27660.92000000,27556.72000000,27589.75000000
2023-05-28 19:00:00,27589.76000000,27630.36000000,27573.22000000,27602.95000000
2023-05-28 19:15:00,27602.94000000,27628.69000000,27577.00000000,27607.28000000
2023-05-28 19:30:00,27607.27000000,27624.49000000,27531.31000000,27559.98000000
2023-05-28 19:45:00,27559.98000000,27565.00000000,27477.56000000,27525.99000000
2023-05-28 20:00:00,27525.99000000,27577.62000000,27525.99000000,27557.34000000
2023-05-28 20:15:00,27557.34000000,27593.84000000,27551.63000000,27571.51000000
2023-05-28 20:30:00,27571.52000000,27584.29000000,27551.12000000,27584.29000000
2023-05-28 20:45:00,27584.29000000,27584.29000000,27554.47000000,27554.48000000
2023-05-28 21:00:00,27554.47000000,27579.01000000,27548.68000000,27565.13000000
2023-05-28 21:15:00,27565.13000000,27654.63000000,27565.12000000,27633.32000000
2023-05-28 21:30:00,27633.33000000,27699.33000000,27602.28000000,27697.09000000
2023-05-28 21:45:00,27697.10000000,27956.00000000,27697.09000000,27835.02000000
2023-05-28 22:00:00,27835.03000000,28175.00000000,27835.02000000,28066.56000000
2023-05-28 22:15:00,28066.56000000,28146.79000000,28033.03000000,28075.00000000
2023-05-28 22:30:00,28075.00000000,28124.78000000,28035.62000000,28050.01000000
2023-05-28 22:45:00,28050.01000000,28099.99000000,28040.58000000,28090.39000000
2023-05-28 23:00:00,28090.39000000,28185.00000000,28085.92000000,28152.46000000
2023-05-28 23:15:00,28152.46000000,28261.32000000,28084.16000000,28091.96000000
2023-05-28 23:30:00,28091.97000000,28098.32000000,28050.69000000,28064.99000000
2023-05-28 23:45:00,28064.99000000,28143.10000000,28064.51000000,28065.00000000
2023-05-29 00:00:00,28065.01000000,28242.63000000,28065.00000000,28199.16000000
2023-05-29 00:15:00,28199.17000000,28447.14000000,28190.87000000,28317.72000000
2023-05-29 00:30:00,28317.72000000,28372.03000000,28239.43000000,28299.71000000
2023-05-29 00:45:00,28299.71000000,28307.76000000,28175.88000000,28192.53000000
2023-05-29 01:00:00,28192.52000000,28211.23000000,28155.55000000,28194.12000000
2023-05-29 01:15:00,28194.12000000,28214.68000000,28168.00000000,28189.50000000
2023-05-29 01:30:00,28189.49000000,28196.58000000,28133.71000000,28145.37000000
2023-05-29 01:45:00,28145.37000000,28189.52000000,28145.36000000,28166.57000000
2023-05-29 02:00:00,28166.57000000,28179.00000000,28147.32000000,28158.57000000
2023-05-29 02:15:00,28158.57000000,28169.91000000,28121.37000000,28124.60000000
2023-05-29 02:30:00,28124.59000000,28162.21000000,28110.10000000,28119.55000000
2023-05-29 02:45:00,28119.56000000,28132.55000000,28096.00000000,28096.01000000
2023-05-29 03:00:00,28096.01000000,28134.25000000,28074.25000000,28083.84000000
2023-05-29 03:15:00,28083.84000000,28112.03000000,28062.66000000,28110.69000000
2023-05-29 03:30:00,28110.70000000,28111.70000000,28054.18000000,28086.93000000
2023-05-29 03:45:00,28086.93000000,28086.94000000,27914.28000000,27954.99000000
2023-05-29 04:00:00,27954.99000000,28004.41000000,27912.37000000,27912.89000000
2023-05-29 04:15:00,27912.89000000,27951.80000000,27860.00000000,27935.40000000
2023-05-29 04:30:00,27935.39000000,27944.05000000,27854.00000000,27895.46000000
2023-05-29 04:45:00,27895.45000000,27949.24000000,27860.00000000,27947.07000000
2023-05-29 05:00:00,27947.07000000,27996.26000000,27938.36000000,27991.39000000
2023-05-29 05:15:00,27991.40000000,28027.42000000,27968.75000000,28019.27000000
2023-05-29 05:30:00,28019.27000000,28047.01000000,27998.46000000,28034.99000000
2023-05-29 05:45:00,28035.00000000,28046.94000000,27976.73000000,27990.72000000
2023-05-29 06:00:00,27990.71000000,28022.00000000,27986.84000000,28022.00000000
2023-05-29 06:15:00,28022.00000000,28033.72000000,27986.85000000,28026.08000000
2023-05-29 06:30:00,28026.07000000,28037.28000000,27993.89000000,27993.89000000
2023-05-29 06:45:00,27993.89000000,28010.88000000,27982.59000000,28002.49000000
2023-05-29 07:00:00,28002.49000000,28002.55000000,27928.40000000,27945.77000000
2023-05-29 07:15:00,27945.76000000,27954.71000000,27875.49000000,27892.61000000
2023-05-29 07:30:00,27892.61000000,27908.57000000,27841.00000000,27881.94000000
2023-05-29 07:45:00,27881.94000000,27912.58000000,27841.00000000,27907.87000000
2023-05-29 08:00:00,27907.86000000,27945.00000000,27907.86000000,27909.43000000
2023-05-29 08:15:00,27909.44000000,27928.64000000,27846.72000000,27864.83000000
2023-05-29 08:30:00,27864.83000000,27916.23000000,27864.82000000,27916.22000000
2023-05-29 08:45:00,27916.23000000,27916.23000000,27880.00000000,27900.61000000
2023-05-29 09:00:00,27900.60000000,27900.61000000,27868.65000000,27868.66000000
2023-05-29 09:15:00,27868.66000000,27916.38000000,27857.22000000,27888.38000000
2023-05-29 09:30:00,27888.39000000,27937.50000000,27886.99000000,27932.51000000
2023-05-29 09:45:00,27932.52000000,27944.77000000,27919.30000000,27939.95000000
2023-05-29 10:00:00,27939.96000000,27962.80000000,27933.67000000,27958.88000000
2023-05-29 10:15:00,27958.88000000,27971.01000000,27896.91000000,27910.38000000
2023-05-29 10:30:00,27910.38000000,27920.82000000,27883.16000000,27883.16000000
2023-05-29 10:45:00,27883.16000000,27885.06000000,27745.78000000,27857.59000000
2023-05-29 11:00:00,27857.60000000,27897.45000000,27842.93000000,27897.45000000
2023-05-29 11:15:00,27897.44000000,27905.47000000,27872.77000000,27879.64000000
2023-05-29 11:30:00,27879.65000000,27891.43000000,27879.64000000,27889.72000000
2023-05-29 11:45:00,27889.72000000,27936.53000000,27889.72000000,27913.87000000
2023-05-29 12:00:00,27913.87000000,27949.70000000,27904.02000000,27904.63000000
2023-05-29 12:15:00,27904.63000000,27916.17000000,27862.92000000,27898.21000000
2023-05-29 12:30:00,27898.20000000,27898.21000000,27864.02000000,27873.64000000
2023-05-29 12:45:00,27873.64000000,27889.02000000,27868.94000000,27876.98000000
2023-05-29 13:00:00,27876.98000000,27930.66000000,27873.71000000,27920.29000000
2023-05-29 13:15:00,27920.29000000,27944.13000000,27900.00000000,27933.45000000
2023-05-29 13:30:00,27933.45000000,27933.45000000,27862.44000000,27879.04000000
2023-05-29 13:45:00,27879.05000000,27912.11000000,27869.01000000,27903.12000000
2023-05-29 14:00:00,27903.12000000,27919.53000000,27901.41000000,27910.00000000
2023-05-29 14:15:00,27910.00000000,27932.53000000,27878.85000000,27885.58000000
2023-05-29 14:30:00,27885.57000000,27885.68000000,27763.18000000,27811.79000000
2023-05-29 14:45:00,27811.79000000,27822.71000000,27699.00000000,27787.77000000
2023-05-29 15:00:00,27787.77000000,27841.94000000,27752.58000000,27806.16000000
2023-05-29 15:15:00,27806.16000000,27817.77000000,27627.00000000,27651.00000000
2023-05-29 15:30:00,27650.99000000,27715.87000000,27588.00000000,27674.18000000
2023-05-29 15:45:00,27674.19000000,27693.34000000,27609.08000000,27630.51000000
2023-05-29 16:00:00,27630.50000000,27670.81000000,27571.00000000,27669.86000000
2023-05-29 16:15:00,27669.87000000,27673.64000000,27545.53000000,27567.30000000
2023-05-29 16:30:00,27567.29000000,27650.37000000,27555.14000000,27650.36000000
2023-05-29 16:45:00,27650.37000000,27652.38000000,27585.27000000,27597.24000000
2023-05-29 17:00:00,27597.24000000,27674.91000000,27524.60000000,27668.92000000
2023-05-29 17:15:00,27668.93000000,27695.94000000,27615.89000000,27678.06000000
2023-05-29 17:30:00,27678.05000000,27693.79000000,27650.99000000,27670.23000000
2023-05-29 17:45:00,27670.24000000,27737.99000000,27640.00000000,27689.14000000
2023-05-29 18:00:00,27689.14000000,27703.93000000,27675.97000000,27703.92000000
2023-05-29 18:15:00,27703.92000000,27719.02000000,27693.11000000,27703.06000000
2023-05-29 18:30:00,27703.07000000,27703.07000000,27653.53000000,27655.79000000
2023-05-29 18:45:00,27655.80000000,27655.80000000,27612.36000000,27635.45000000
2023-05-29 19:00:00,27635.46000000,27664.09000000,27627.72000000,27664.08000000
2023-05-29 19:15:00,27664.08000000,27689.30000000,27660.00000000,27681.53000000
2023-05-29 19:30:00,27681.53000000,27688.11000000,27661.72000000,27671.82000000
2023-05-29 19:45:00,27671.83000000,27706.62000000,27621.51000000,27637.94000000
2023-05-29 20:00:00,27637.94000000,27669.83000000,27627.81000000,27660.35000000
2023-05-29 20:15:00,27660.35000000,27674.17000000,27645.46000000,27657.27000000
2023-05-29 20:30:00,27657.27000000,27697.70000000,27651.41000000,27692.56000000
2023-05-29 20:45:00,27692.55000000,27697.27000000,27673.83000000,27682.77000000
2023-05-29 21:00:00,27682.78000000,27693.33000000,27675.00000000,27693.32000000
2023-05-29 21:15:00,27693.32000000,27718.74000000,27665.41000000,27665.42000000
2023-05-29 21:30:00,27665.42000000,27692.76000000,27650.00000000,27692.75000000
2023-05-29 21:45:00,27692.76000000,27724.72000000,27666.70000000,27666.70000000
2023-05-29 22:00:00,27666.70000000,27666.71000000,27580.00000000,27615.52000000
2023-05-29 22:15:00,27615.51000000,27624.42000000,27554.57000000,27583.09000000
2023-05-29 22:30:00,27583.09000000,27693.33000000,27574.22000000,27674.44000000
2023-05-29 22:45:00,27674.45000000,27689.22000000,27661.25000000,27689.22000000
2023-05-29 23:00:00,27689.22000000,27818.00000000,27681.76000000,27798.35000000
2023-05-29 23:15:00,27798.36000000,27800.00000000,27736.18000000,27765.58000000
2023-05-29 23:30:00,27765.57000000,27779.81000000,27745.00000000,27769.68000000
2023-05-29 23:45:00,27769.68000000,27775.85000000,27732.55000000,27736.40000000
2023-05-30 00:00:00,27736.39000000,27768.15000000,27715.01000000,27729.14000000
2023-05-30 00:15:00,27729.15000000,27749.15000000,27673.38000000,27673.39000000
2023-05-30 00:30:00,27673.40000000,27696.68000000,27584.45000000,27663.39000000
2023-05-30 00:45:00,27663.38000000,27722.02000000,27663.38000000,27709.55000000
2023-05-30 01:00:00,27709.55000000,27786.52000000,27699.76000000,27750.69000000
2023-05-30 01:15:00,27750.69000000,27784.02000000,27744.12000000,27777.12000000
2023-05-30 01:30:00,27777.12000000,27795.55000000,27768.43000000,27773.23000000
2023-05-30 01:45:00,27773.23000000,27773.24000000,27726.12000000,27766.03000000
2023-05-30 02:00:00,27766.03000000,27772.27000000,27722.74000000,27728.33000000
2023-05-30 02:15:00,27728.33000000,27769.08000000,27724.36000000,27769.08000000
2023-05-30 02:30:00,27769.07000000,27795.39000000,27744.52000000,27744.53000000
2023-05-30 02:45:00,27744.52000000,27788.17000000,27744.52000000,27783.43000000
2023-05-30 03:00:00,27783.43000000,27795.77000000,27773.69000000,27793.86000000
2023-05-30 03:15:00,27793.87000000,27940.55000000,27793.86000000,27859.07000000
2023-05-30 03:30:00,27859.07000000,27875.07000000,27833.00000000,27834.98000000
2023-05-30 03:45:00,27834.99000000,27851.36000000,27813.28000000,27829.23000000
2023-05-30 04:00:00,27829.23000000,27848.09000000,27816.01000000,27816.01000000
2023-05-30 04:15:00,27816.02000000,27816.02000000,27774.11000000,27801.38000000
2023-05-30 04:30:00,27801.37000000,27801.38000000,27760.38000000,27763.15000000
2023-05-30 04:45:00,27763.14000000,27785.77000000,27763.14000000,27776.19000000
2023-05-30 05:00:00,27776.18000000,27776.19000000,27672.93000000,27698.46000000
2023-05-30 05:15:00,27698.45000000,27732.63000000,27680.00000000,27720.90000000
2023-05-30 05:30:00,27720.89000000,27736.52000000,27714.35000000,27722.45000000
2023-05-30 05:45:00,27722.45000000,27759.31000000,27722.44000000,27753.38000000
2023-05-30 06:00:00,27753.38000000,27773.83000000,27753.36000000,27758.08000000
2023-05-30 06:15:00,27758.08000000,27784.70000000,27752.88000000,27780.92000000
2023-05-30 06:30:00,27780.93000000,27821.86000000,27779.98000000,27788.82000000
2023-05-30 06:45:00,27788.83000000,27804.38000000,27777.40000000,27795.81000000
2023-05-30 07:00:00,27795.82000000,27848.28000000,27795.81000000,27810.00000000
2023-05-30 07:15:00,27810.01000000,27820.71000000,27783.12000000,27788.73000000
2023-05-30 07:30:00,27788.72000000,27790.65000000,27729.10000000,27742.32000000
2023-05-30 07:45:00,27742.32000000,27759.58000000,27733.21000000,27733.22000000
2023-05-30 08:00:00,27733.22000000,27747.76000000,27712.19000000,27728.55000000
2023-05-30 08:15:00,27728.54000000,27810.01000000,27725.94000000,27796.80000000
2023-05-30 08:30:00,27796.81000000,27817.81000000,27792.84000000,27815.19000000
2023-05-30 08:45:00,27815.19000000,27815.20000000,27772.88000000,27781.78000000
2023-05-30 09:00:00,27781.77000000,27824.57000000,27781.77000000,27817.17000000
2023-05-30 09:15:00,27817.18000000,27877.02000000,27816.48000000,27827.95000000
2023-05-30 09:30:00,27827.96000000,27893.00000000,27827.95000000,27871.28000000
2023-05-30 09:45:00,27871.28000000,27880.00000000,27850.59000000,27852.33000000
2023-05-30 10:00:00,27852.34000000,27870.00000000,27852.33000000,27869.99000000
2023-05-30 10:15:00,27869.99000000,27972.43000000,27869.99000000,27925.14000000
2023-05-30 10:30:00,27925.13000000,28037.22000000,27925.13000000,27970.18000000
2023-05-30 10:45:00,27970.18000000,28003.82000000,27898.88000000,27900.18000000
2023-05-30 11:00:00,27900.18000000,27977.49000000,27856.85000000,27965.73000000
2023-05-30 11:15:00,27965.73000000,27984.36000000,27936.77000000,27946.16000000
2023-05-30 11:30:00,27946.17000000,27994.42000000,27943.81000000,27959.47000000
2023-05-30 11:45:00,27959.48000000,28038.59000000,27956.00000000,28021.40000000
2023-05-30 12:00:00,28021.39000000,28027.78000000,27939.01000000,28005.36000000
2023-05-30 12:15:00,28005.37000000,28005.37000000,27872.38000000,27897.47000000
2023-05-30 12:30:00,27897.47000000,27903.33000000,27794.73000000,27824.47000000
2023-05-30 12:45:00,27824.46000000,27927.10000000,27814.62000000,27903.51000000
2023-05-30 13:00:00,27903.52000000,27950.88000000,27890.99000000,27926.03000000
2023-05-30 13:15:00,27926.03000000,27969.52000000,27909.87000000,27952.74000000
2023-05-30 13:30:00,27952.73000000,27969.65000000,27876.98000000,27899.54000000
2023-05-30 13:45:00,27899.55000000,27908.93000000,27755.01000000,27800.01000000
2023-05-30 14:00:00,27800.02000000,27865.00000000,27751.00000000,27807.58000000
2023-05-30 14:15:00,27807.59000000,27851.47000000,27738.55000000,27772.11000000
2023-05-30 14:30:00,27772.11000000,27829.18000000,27654.80000000,27683.69000000
2023-05-30 14:45:00,27683.68000000,27726.32000000,27621.00000000,27622.65000000
2023-05-30 15:00:00,27622.65000000,27700.00000000,27615.00000000,27685.06000000
2023-05-30 15:15:00,27685.06000000,27738.01000000,27624.25000000,27672.37000000
2023-05-30 15:30:00,27672.38000000,27721.22000000,27653.53000000,27696.96000000
2023-05-30 15:45:00,27696.96000000,27729.13000000,27667.15000000,27673.08000000
2023-05-30 16:00:00,27673.08000000,27715.00000000,27628.78000000,27628.78000000
2023-05-30 16:15:00,27628.78000000,27698.87000000,27554.00000000,27686.42000000
2023-05-30 16:30:00,27686.41000000,27730.61000000,27677.56000000,27724.09000000
2023-05-30 16:45:00,27724.09000000,27743.48000000,27691.64000000,27713.43000000
2023-05-30 17:00:00,27713.43000000,27726.46000000,27670.83000000,27703.34000000
2023-05-30 17:15:00,27703.33000000,27703.34000000,27642.31000000,27660.06000000
2023-05-30 17:30:00,27660.06000000,27724.67000000,27625.14000000,27717.32000000
2023-05-30 17:45:00,27717.32000000,27776.15000000,27693.59000000,27696.12000000
2023-05-30 18:00:00,27696.12000000,27712.00000000,27664.32000000,27700.01000000
2023-05-30 18:15:00,27700.00000000,27732.08000000,27691.69000000,27701.97000000
2023-05-30 18:30:00,27701.98000000,27788.00000000,27700.99000000,27781.63000000
2023-05-30 18:45:00,27781.64000000,27799.00000000,27762.69000000,27765.84000000
2023-05-30 19:00:00,27765.84000000,27791.42000000,27750.80000000,27789.49000000
2023-05-30 19:15:00,27789.49000000,27800.00000000,27760.38000000,27799.99000000
2023-05-30 19:30:00,27799.99000000,27862.84000000,27785.51000000,27849.23000000
2023-05-30 19:45:00,27849.23000000,27858.00000000,27810.45000000,27850.20000000
2023-05-30 20:00:00,27850.21000000,27855.13000000,27825.41000000,27825.42000000
2023-05-30 20:15:00,27825.41000000,27825.42000000,27764.39000000,27797.24000000
2023-05-30 20:30:00,27797.23000000,27820.62000000,27790.61000000,27811.37000000
2023-05-30 20:45:00,27811.37000000,27811.73000000,27751.51000000,27762.51000000
2023-05-30 21:00:00,27762.52000000,27795.55000000,27754.14000000,27795.54000000
2023-05-30 21:15:00,27795.54000000,27842.00000000,27794.98000000,27819.78000000
2023-05-30 21:30:00,27819.78000000,27819.79000000,27767.86000000,27775.18000000
2023-05-30 21:45:00,27775.18000000,27775.18000000,27655.14000000,27719.37000000
2023-05-30 22:00:00,27719.38000000,27719.38000000,27651.17000000,27684.70000000
2023-05-30 22:15:00,27684.70000000,27725.76000000,27679.88000000,27725.21000000
2023-05-30 22:30:00,27725.21000000,27737.55000000,27723.23000000,27737.31000000
2023-05-30 22:45:00,27737.30000000,27758.91000000,27727.16000000,27738.52000000
2023-05-30 23:00:00,27738.52000000,27742.96000000,27693.06000000,27695.43000000
2023-05-30 23:15:00,27695.44000000,27711.27000000,27673.44000000,27703.86000000
2023-05-30 23:30:00,27703.86000000,27724.83000000,27696.00000000,27711.69000000
2023-05-30 23:45:00,27711.69000000,27711.85000000,27682.78000000,27694.40000000
2023-05-31 00:00:00,27694.39000000,27694.95000000,27657.99000000,27686.85000000
2023-05-31 00:15:00,27686.84000000,27701.86000000,27685.00000000,27686.72000000
2023-05-31 00:30:00,27686.71000000,27729.58000000,27684.03000000,27729.57000000
2023-05-31 00:45:00,27729.57000000,27757.42000000,27715.83000000,27754.78000000
2023-05-31 01:00:00,27754.79000000,27787.84000000,27739.75000000,27787.84000000
2023-05-31 01:15:00,27787.84000000,27835.51000000,27775.00000000,27801.89000000
2023-05-31 01:30:00,27801.88000000,27810.00000000,27765.14000000,27786.39000000
2023-05-31 01:45:00,27786.38000000,27786.39000000,27738.67000000,27742.09000000
2023-05-31 02:00:00,27742.09000000,27742.09000000,27571.04000000,27648.22000000
2023-05-31 02:15:00,27648.21000000,27690.44000000,27628.73000000,27690.43000000
2023-05-31 02:30:00,27690.44000000,27690.44000000,27644.39000000,27660.01000000
2023-05-31 02:45:00,27660.00000000,27680.81000000,27622.16000000,27673.47000000
2023-05-31 03:00:00,27673.47000000,27674.51000000,27600.00000000,27643.64000000
2023-05-31 03:15:00,27643.64000000,27671.02000000,27637.23000000,27671.01000000
2023-05-31 03:30:00,27671.02000000,27685.37000000,27667.34000000,27679.02000000
2023-05-31 03:45:00,27679.03000000,27690.44000000,27645.95000000,27657.30000000
2023-05-31 04:00:00,27657.29000000,27661.41000000,27613.72000000,27649.31000000
2023-05-31 04:15:00,27649.32000000,27677.67000000,27642.19000000,27650.12000000
2023-05-31 04:30:00,27650.12000000,27652.15000000,27571.61000000,27576.73000000
2023-05-31 04:45:00,27576.73000000,27592.71000000,27250.88000000,27257.70000000
2023-05-31 05:00:00,27257.70000000,27282.58000000,27134.40000000,27172.89000000
2023-05-31 05:15:00,27172.89000000,27206.45000000,27080.07000000,27173.53000000
2023-05-31 05:30:00,27173.53000000,27175.62000000,27031.32000000,27149.79000000
2023-05-31 05:45:00,27149.79000000,27149.80000000,27021.00000000,27088.15000000
2023-05-31 06:00:00,27088.16000000,27096.12000000,26968.49000000,27063.87000000
2023-05-31 06:15:00,27063.88000000,27146.38000000,27045.55000000,27145.68000000
2023-05-31 06:30:00,27145.69000000,27169.26000000,27113.64000000,27148.67000000
2023-05-31 06:45:00,27148.67000000,27188.97000000,27138.80000000,27163.37000000
2023-05-31 07:00:00,27163.36000000,27168.58000000,27117.71000000,27125.37000000
2023-05-31 07:15:00,27125.37000000,27187.99000000,27125.36000000,27182.00000000
2023-05-31 07:30:00,27182.01000000,27206.35000000,27166.57000000,27175.12000000
2023-05-31 07:45:00,27175.11000000,27182.79000000,27166.00000000,27167.90000000
2023-05-31 08:00:00,27167.91000000,27203.73000000,27125.49000000,27185.62000000
2023-05-31 08:15:00,27185.61000000,27203.52000000,27151.75000000,27152.22000000
2023-05-31 08:30:00,27152.23000000,27177.94000000,27117.57000000,27117.57000000
2023-05-31 08:45:00,27117.57000000,27147.17000000,27107.62000000,27136.93000000
2023-05-31 09:00:00,27136.92000000,27157.58000000,27121.28000000,27129.06000000
2023-05-31 09:15:00,27129.05000000,27146.35000000,27082.44000000,27102.95000000
2023-05-31 09:30:00,27102.94000000,27120.45000000,27044.86000000,27116.92000000
2023-05-31 09:45:00,27116.93000000,27146.37000000,27104.63000000,27133.28000000
2023-05-31 10:00:00,27133.27000000,27142.76000000,27125.20000000,27125.20000000
2023-05-31 10:15:00,27125.21000000,27125.21000000,27065.89000000,27079.53000000
2023-05-31 10:30:00,27079.53000000,27092.93000000,27068.10000000,27085.98000000
2023-05-31 10:45:00,27085.97000000,27090.00000000,27046.20000000,27056.53000000
2023-05-31 11:00:00,27056.52000000,27078.44000000,26994.33000000,27078.44000000
2023-05-31 11:15:00,27078.45000000,27120.12000000,27062.61000000,27112.20000000
2023-05-31 11:30:00,27112.21000000,27130.00000000,27098.06000000,27115.56000000
2023-05-31 11:45:00,27115.56000000,27117.93000000,27087.06000000,27097.18000000
2023-05-31 12:00:00,27097.18000000,27117.36000000,27043.92000000,27095.97000000
2023-05-31 12:15:00,27095.96000000,27119.00000000,27071.56000000,27090.01000000
2023-05-31 12:30:00,27090.00000000,27112.08000000,27070.67000000,27093.66000000
2023-05-31 12:45:00,27093.66000000,27112.86000000,27067.78000000,27072.34000000
2023-05-31 13:00:00,27072.34000000,27190.00000000,27060.00000000,27166.68000000
2023-05-31 13:15:00,27166.69000000,27190.00000000,27131.40000000,27161.78000000
2023-05-31 13:30:00,27161.79000000,27208.68000000,27122.00000000,27206.06000000
2023-05-31 13:45:00,27206.05000000,27231.34000000,27114.09000000,27117.11000000
2023-05-31 14:00:00,27117.10000000,27119.24000000,27028.94000000,27052.01000000
2023-05-31 14:15:00,27052.02000000,27082.41000000,26851.00000000,26897.35000000
2023-05-31 14:30:00,26897.35000000,26994.98000000,26862.47000000,26991.63000000
2023-05-31 14:45:00,26991.62000000,27095.11000000,26971.92000000,27033.86000000
2023-05-31 15:00:00,27033.87000000,27064.03000000,26925.34000000,26925.35000000
2023-05-31 15:15:00,26925.35000000,27001.30000000,26925.34000000,26937.85000000
2023-05-31 15:30:00,26937.85000000,26970.62000000,26921.89000000,26939.07000000
2023-05-31 15:45:00,26939.07000000,26949.86000000,26880.58000000,26911.54000000
2023-05-31 16:00:00,26911.55000000,26962.55000000,26839.01000000,26959.86000000
2023-05-31 16:15:00,26959.86000000,26964.07000000,26915.39000000,26958.76000000
2023-05-31 16:30:00,26958.75000000,26967.31000000,26928.91000000,26949.19000000
2023-05-31 16:45:00,26949.18000000,26979.04000000,26890.09000000,26936.01000000
2023-05-31 17:00:00,26936.00000000,26956.75000000,26920.00000000,26930.00000000
2023-05-31 17:15:00,26930.01000000,26979.66000000,26916.35000000,26978.42000000
2023-05-31 17:30:00,26978.41000000,27084.51000000,26968.69000000,27046.19000000
2023-05-31 17:45:00,27046.20000000,27069.41000000,27020.32000000,27055.40000000
2023-05-31 18:00:00,27055.39000000,27070.47000000,27045.36000000,27058.38000000
2023-05-31 18:15:00,27058.38000000,27093.32000000,27020.68000000,27073.74000000
2023-05-31 18:30:00,27073.75000000,27073.75000000,27045.91000000,27062.68000000
2023-05-31 18:45:00,27062.67000000,27068.62000000,27020.10000000,27037.06000000
2023-05-31 19:00:00,27037.06000000,27045.91000000,27006.38000000,27036.44000000
2023-05-31 19:15:00,27036.44000000,27055.52000000,27025.82000000,27029.60000000
2023-05-31 19:30:00,27029.61000000,27088.63000000,27023.18000000,27088.62000000
2023-05-31 19:45:00,27088.62000000,27123.43000000,27000.20000000,27010.57000000
2023-05-31 20:00:00,27010.57000000,27055.09000000,27005.16000000,27055.09000000
2023-05-31 20:15:00,27055.09000000,27108.91000000,27047.99000000,27096.60000000
2023-05-31 20:30:00,27096.60000000,27116.13000000,27084.26000000,27110.67000000
2023-05-31 20:45:00,27110.66000000,27114.86000000,27089.95000000,27114.20000000
2023-05-31 21:00:00,27114.19000000,27119.77000000,27094.37000000,27103.11000000
2023-05-31 21:15:00,27103.11000000,27103.12000000,27045.61000000,27056.72000000
2023-05-31 21:30:00,27056.72000000,27087.00000000,27053.28000000,27071.15000000
2023-05-31 21:45:00,27071.15000000,27090.79000000,27071.15000000,27090.79000000
2023-05-31 22:00:00,27090.78000000,27125.00000000,27084.92000000,27113.41000000
2023-05-31 22:15:00,27113.41000000,27165.00000000,27113.40000000,27149.99000000
2023-05-31 22:30:00,27149.98000000,27169.49000000,27130.36000000,27148.54000000
2023-05-31 22:45:00,27148.54000000,27193.24000000,27143.97000000,27183.98000000
2023-05-31 23:00:00,27183.97000000,27198.00000000,27164.93000000,27172.28000000
2023-05-31 23:15:00,27172.28000000,27193.04000000,27159.63000000,27193.03000000
2023-05-31 23:30:00,27193.04000000,27299.99000000,27183.82000000,27262.45000000
2023-05-31 23:45:00,27262.46000000,27276.65000000,27195.87000000,27210.35000000
2023-06-01 00:00:00,27210.36000000,27350.00000000,27198.00000000,27318.11000000
2023-06-01 00:15:00,27318.11000000,27338.80000000,27281.26000000,27281.27000000
2023-06-01 00:30:00,27281.26000000,27297.20000000,27065.84000000,27111.73000000
2023-06-01 00:45:00,27111.73000000,27111.73000000,27023.35000000,27065.77000000
2023-06-01 01:00:00,27065.76000000,27145.52000000,27059.74000000,27126.40000000
2023-06-01 01:15:00,27126.41000000,27142.48000000,27097.05000000,27140.90000000
2023-06-01 01:30:00,27140.89000000,27165.47000000,27112.95000000,27118.33000000
2023-06-01 01:45:00,27118.33000000,27157.61000000,27075.26000000,27078.56000000
2023-06-01 02:00:00,27078.56000000,27084.78000000,27047.11000000,27057.39000000
2023-06-01 02:15:00,27057.39000000,27081.89000000,27041.28000000,27076.68000000
2023-06-01 02:30:00,27076.67000000,27114.16000000,27035.98000000,27039.04000000
2023-06-01 02:45:00,27039.05000000,27043.72000000,26640.00000000,26719.26000000
2023-06-01 03:00:00,26719.26000000,26768.56000000,26605.05000000,26763.71000000
2023-06-01 03:15:00,26763.71000000,26820.00000000,26752.81000000,26762.61000000
2023-06-01 03:30:00,26762.57000000,26838.89000000,26744.87000000,26781.11000000
2023-06-01 03:45:00,26781.11000000,26790.42000000,26761.03000000,26779.94000000
2023-06-01 04:00:00,26779.93000000,26808.59000000,26764.08000000,26794.22000000
2023-06-01 04:15:00,26794.23000000,26794.23000000,26746.00000000,26763.67000000
2023-06-01 04:30:00,26763.68000000,26822.81000000,26763.67000000,26821.45000000
2023-06-01 04:45:00,26821.45000000,26821.45000000,26793.02000000,26804.15000000
2023-06-01 05:00:00,26804.14000000,26827.22000000,26784.89000000,26827.21000000
2023-06-01 05:15:00,26827.21000000,26842.57000000,26819.08000000,26835.87000000
2023-06-01 05:30:00,26835.87000000,26843.89000000,26827.61000000,26831.87000000
2023-06-01 05:45:00,26831.86000000,26863.62000000,26829.79000000,26849.20000000
2023-06-01 06:00:00,26849.20000000,26883.60000000,26845.39000000,26875.14000000
2023-06-01 06:15:00,26875.13000000,26880.00000000,26790.00000000,26811.63000000
2023-06-01 06:30:00,26811.62000000,26846.29000000,26808.68000000,26834.92000000
2023-06-01 06:45:00,26834.91000000,26834.92000000,26778.08000000,26785.13000000
2023-06-01 07:00:00,26785.14000000,26803.55000000,26764.16000000,26780.80000000
2023-06-01 07:15:00,26780.79000000,26864.09000000,26774.42000000,26853.33000000
2023-06-01 07:30:00,26853.34000000,26853.34000000,26809.56000000,26813.52000000
2023-06-01 07:45:00,26813.51000000,26822.90000000,26784.63000000,26802.67000000
2023-06-01 08:00:00,26802.66000000,26815.40000000,26790.96000000,26815.39000000
2023-06-01 08:15:00,26815.40000000,26850.39000000,26815.39000000,26846.59000000
2023-06-01 08:30:00,26846.59000000,26872.25000000,26836.76000000,26866.82000000
2023-06-01 08:45:00,26866.82000000,26922.76000000,26866.82000000,26912.53000000
2023-06-01 09:00:00,26912.54000000,26948.53000000,26899.54000000,26934.41000000
2023-06-01 09:15:00,26934.40000000,26951.07000000,26912.03000000,26936.97000000
2023-06-01 09:30:00,26936.97000000,26944.17000000,26917.67000000,26935.50000000
2023-06-01 09:45:00,26935.49000000,26935.50000000,26901.06000000,26908.63000000
2023-06-01 10:00:00,26908.63000000,26910.84000000,26875.97000000,26879.31000000
2023-06-01 10:15:00,26879.31000000,26934.83000000,26858.33000000,26890.81000000
2023-06-01 10:30:00,26890.82000000,26903.58000000,26869.67000000,26881.91000000
2023-06-01 10:45:00,26881.90000000,26888.66000000,26858.34000000,26860.00000000
2023-06-01 11:00:00,26860.00000000,26868.38000000,26841.65000000,26858.73000000
2023-06-01 11:15:00,26858.74000000,26874.02000000,26850.60000000,26853.34000000
2023-06-01 11:30:00,26853.33000000,26884.56000000,26853.18000000,26879.01000000
2023-06-01 11:45:00,26879.00000000,26905.02000000,26873.43000000,26892.96000000
2023-06-01 12:00:00,26892.95000000,26892.96000000,26859.12000000,26873.01000000
2023-06-01 12:15:00,26873.00000000,26884.30000000,26782.53000000,26852.25000000
2023-06-01 12:30:00,26852.24000000,26931.46000000,26846.06000000,26903.21000000
2023-06-01 12:45:00,26903.21000000,26964.88000000,26889.11000000,26941.79000000
2023-06-01 13:00:00,26941.80000000,26971.07000000,26941.79000000,26943.78000000
2023-06-01 13:15:00,26943.77000000,26943.78000000,26906.46000000,26906.48000000
2023-06-01 13:30:00,26906.47000000,26926.23000000,26875.03000000,26885.78000000
2023-06-01 13:45:00,26885.79000000,26917.81000000,26867.95000000,26891.74000000
2023-06-01 14:00:00,26891.74000000,26981.34000000,26891.74000000,26939.08000000
2023-06-01 14:15:00,26939.07000000,26939.08000000,26833.01000000,26867.22000000
2023-06-01 14:30:00,26867.22000000,26889.85000000,26844.26000000,26880.25000000
2023-06-01 14:45:00,26880.26000000,26910.42000000,26865.57000000,26898.08000000
2023-06-01 15:00:00,26898.07000000,26934.25000000,26870.07000000,26926.26000000
2023-06-01 15:15:00,26926.26000000,26947.24000000,26903.39000000,26903.40000000
2023-06-01 15:30:00,26903.39000000,26925.82000000,26892.81000000,26897.67000000
2023-06-01 15:45:00,26897.66000000,26897.67000000,26860.01000000,26894.48000000
2023-06-01 16:00:00,26894.47000000,26922.62000000,26890.84000000,26917.64000000
2023-06-01 16:15:00,26917.65000000,26933.35000000,26904.67000000,26904.67000000
2023-06-01 16:30:00,26904.68000000,26911.61000000,26810.66000000,26819.83000000
2023-06-01 16:45:00,26819.82000000,27175.00000000,26795.06000000,27092.08000000
2023-06-01 17:00:00,27092.07000000,27137.42000000,26916.29000000,26989.45000000
2023-06-01 17:15:00,26989.45000000,27069.07000000,26969.57000000,27001.98000000
2023-06-01 17:30:00,27001.97000000,27001.98000000,26923.91000000,26955.08000000
2023-06-01 17:45:00,26955.08000000,26982.92000000,26930.04000000,26956.94000000
2023-06-01 18:00:00,26956.93000000,27019.99000000,26938.06000000,27005.70000000
2023-06-01 18:15:00,27005.69000000,27048.43000000,26992.48000000,27004.45000000
2023-06-01 18:30:00,27004.44000000,27004.45000000,26968.14000000,26969.47000000
2023-06-01 18:45:00,26969.47000000,27006.74000000,26950.07000000,26964.77000000
2023-06-01 19:00:00,26964.76000000,26984.68000000,26955.06000000,26960.46000000
2023-06-01 19:15:00,26960.46000000,26960.46000000,26860.97000000,26870.39000000
2023-06-01 19:30:00,26870.40000000,26905.77000000,26656.00000000,26812.77000000
2023-06-01 19:45:00,26812.77000000,26871.12000000,26810.37000000,26862.68000000
2023-06-01 20:00:00,26862.68000000,26919.99000000,26855.43000000,26876.99000000
2023-06-01 20:15:00,26876.98000000,26880.26000000,26828.82000000,26828.83000000
2023-06-01 20:30:00,26828.83000000,26890.00000000,26828.82000000,26844.03000000
2023-06-01 20:45:00,26844.02000000,26863.47000000,26840.45000000,26863.00000000
2023-06-01 21:00:00,26862.99000000,26942.84000000,26855.77000000,26916.01000000
2023-06-01 21:15:00,26916.02000000,26942.98000000,26908.47000000,26942.97000000
2023-06-01 21:30:00,26942.97000000,26942.98000000,26876.78000000,26878.98000000
2023-06-01 21:45:00,26878.99000000,26908.25000000,26878.98000000,26889.84000000
2023-06-01 22:00:00,26889.85000000,26902.43000000,26849.43000000,26861.65000000
2023-06-01 22:15:00,26861.64000000,26884.16000000,26853.85000000,26882.90000000
2023-06-01 22:30:00,26882.89000000,26882.90000000,26852.03000000,26876.34000000
2023-06-01 22:45:00,26876.33000000,26900.00000000,26855.00000000,26880.97000000
2023-06-01 23:00:00,26880.97000000,26883.51000000,26842.13000000,26850.47000000
2023-06-01 23:15:00,26850.48000000,26857.07000000,26785.80000000,26789.99000000
2023-06-01 23:30:00,26789.99000000,26831.24000000,26713.34000000,26831.23000000
2023-06-01 23:45:00,26831.24000000,26839.28000000,26798.19000000,26817.93000000
2023-06-02 00:00:00,26817.93000000,26824.64000000,26793.66000000,26796.65000000
2023-06-02 00:15:00,26796.65000000,26807.22000000,26691.32000000,26710.34000000
2023-06-02 00:30:00,26710.34000000,26762.95000000,26505.00000000,26726.01000000
2023-06-02 00:45:00,26726.00000000,26791.46000000,26703.98000000,26786.03000000
2023-06-02 01:00:00,26786.04000000,26797.41000000,26716.80000000,26732.29000000
2023-06-02 01:15:00,26732.30000000,26838.87000000,26725.35000000,26828.66000000
2023-06-02 01:30:00,26828.67000000,26849.09000000,26799.89000000,26831.74000000
2023-06-02 01:45:00,26831.74000000,26843.51000000,26791.98000000,26811.90000000
2023-06-02 02:00:00,26811.89000000,26857.05000000,26811.89000000,26852.91000000
2023-06-02 02:15:00,26852.92000000,26984.26000000,26852.91000000,26932.76000000
2023-06-02 02:30:00,26932.77000000,26969.49000000,26927.61000000,26953.59000000
2023-06-02 02:45:00,26953.59000000,26960.02000000,26924.00000000,26960.01000000
2023-06-02 03:00:00,26960.01000000,26969.96000000,26934.30000000,26943.47000000
2023-06-02 03:15:00,26943.48000000,26956.17000000,26934.57000000,26941.16000000
2023-06-02 03:30:00,26941.17000000,26955.98000000,26938.87000000,26945.12000000
2023-06-02 03:45:00,26945.12000000,27017.00000000,26932.16000000,27000.00000000
2023-06-02 04:00:00,27000.01000000,27008.15000000,26957.25000000,26957.25000000
2023-06-02 04:15:00,26957.25000000,27067.50000000,26949.40000000,26987.39000000
2023-06-02 04:30:00,26987.39000000,27120.00000000,26978.73000000,27092.84000000
2023-06-02 04:45:00,27093.07000000,27113.97000000,27051.89000000,27068.27000000
2023-06-02 05:00:00,27068.27000000,27095.78000000,27064.96000000,27064.96000000
2023-06-02 05:15:00,27064.97000000,27153.96000000,27064.96000000,27121.91000000
2023-06-02 05:30:00,27121.91000000,27213.00000000,27103.70000000,27162.47000000
2023-06-02 05:45:00,27162.48000000,27195.73000000,27143.89000000,27152.60000000
2023-06-02 06:00:00,27152.60000000,27156.41000000,27114.85000000,27126.72000000
2023-06-02 06:15:00,27126.71000000,27164.94000000,27120.49000000,27146.15000000
2023-06-02 06:30:00,27146.15000000,27150.00000000,27126.64000000,27129.76000000
2023-06-02 06:45:00,27129.75000000,27139.18000000,27068.00000000,27071.06000000
2023-06-02 07:00:00,27071.05000000,27083.49000000,27053.44000000,27069.90000000
2023-06-02 07:15:00,27069.91000000,27109.99000000,27069.90000000,27106.76000000
2023-06-02 07:30:00,27106.77000000,27114.16000000,27087.60000000,27087.60000000
2023-06-02 07:45:00,27087.60000000,27087.61000000,27045.80000000,27049.65000000
2023-06-02 08:00:00,27049.65000000,27099.00000000,27049.38000000,27081.04000000
2023-06-02 08:15:00,27081.04000000,27110.01000000,27081.03000000,27104.82000000
2023-06-02 08:30:00,27104.83000000,27133.03000000,27104.82000000,27115.14000000
2023-06-02 08:45:00,27115.13000000,27172.39000000,27115.13000000,27166.14000000
2023-06-02 09:00:00,27166.13000000,27183.07000000,27140.66000000,27168.46000000
2023-06-02 09:15:00,27168.46000000,27170.61000000,27111.58000000,27120.86000000
2023-06-02 09:30:00,27120.87000000,27122.79000000,27087.45000000,27087.46000000
2023-06-02 09:45:00,27087.45000000,27097.90000000,27068.47000000,27080.68000000
2023-06-02 10:00:00,27080.68000000,27085.28000000,27067.14000000,27083.59000000
2023-06-02 10:15:00,27083.59000000,27104.20000000,27078.04000000,27094.61000000
2023-06-02 10:30:00,27094.62000000,27095.59000000,27074.94000000,27079.17000000
2023-06-02 10:45:00,27079.17000000,27096.99000000,27061.60000000,27096.99000000
2023-06-02 11:00:00,27096.98000000,27112.67000000,27096.98000000,27101.90000000
2023-06-02 11:15:00,27101.91000000,27101.91000000,27074.53000000,27074.54000000
2023-06-02 11:30:00,27074.54000000,27135.59000000,27072.55000000,27129.57000000
2023-06-02 11:45:00,27129.57000000,27171.46000000,27100.22000000,27130.75000000
2023-06-02 12:00:00,27130.75000000,27159.55000000,27100.00000000,27157.03000000
2023-06-02 12:15:00,27157.04000000,27190.00000000,27115.59000000,27136.35000000
2023-06-02 12:30:00,27136.34000000,27240.00000000,26987.00000000,27149.98000000
2023-06-02 12:45:00,27149.97000000,27157.69000000,27030.01000000,27095.42000000
2023-06-02 13:00:00,27095.43000000,27114.69000000,27055.44000000,27055.45000000
2023-06-02 13:15:00,27055.44000000,27088.23000000,27015.26000000,27079.18000000
2023-06-02 13:30:00,27079.18000000,27134.40000000,27053.21000000,27070.01000000
2023-06-02 13:45:00,27070.01000000,27076.95000000,26860.71000000,26908.84000000
2023-06-02 14:00:00,26908.85000000,26975.75000000,26890.00000000,26960.85000000
2023-06-02 14:15:00,26960.85000000,26966.21000000,26893.87000000,26927.16000000
2023-06-02 14:30:00,26927.16000000,26972.22000000,26906.32000000,26960.99000000
2023-06-02 14:45:00,26960.99000000,26986.08000000,26941.04000000,26964.74000000
2023-06-02 15:00:00,26964.75000000,27033.86000000,26962.99000000,27004.41000000
2023-06-02 15:15:00,27004.41000000,27020.90000000,26985.67000000,27003.98000000
2023-06-02 15:30:00,27003.98000000,27037.06000000,26991.35000000,27001.47000000
2023-06-02 15:45:00,27001.47000000,27107.34000000,27000.00000000,27095.92000000
2023-06-02 16:00:00,27095.93000000,27120.02000000,27041.08000000,27041.09000000
2023-06-02 16:15:00,27041.09000000,27063.94000000,27032.93000000,27053.29000000
2023-06-02 16:30:00,27053.29000000,27100.36000000,27053.29000000,27097.35000000
2023-06-02 16:45:00,27097.34000000,27106.52000000,27041.31000000,27056.06000000
2023-06-02 17:00:00,27056.06000000,27076.87000000,27023.58000000,27076.86000000
2023-06-02 17:15:00,27076.87000000,27093.82000000,27070.06000000,27078.59000000
2023-06-02 17:30:00,27078.60000000,27078.60000000,27048.83000000,27060.00000000
2023-06-02 17:45:00,27059.99000000,27071.84000000,27032.10000000,27057.58000000
2023-06-02 18:00:00,27057.57000000,27081.48000000,27020.34000000,27042.43000000
2023-06-02 18:15:00,27042.43000000,27050.63000000,27023.79000000,27023.79000000
2023-06-02 18:30:00,27023.80000000,27069.40000000,27006.22000000,27066.04000000
2023-06-02 18:45:00,27066.03000000,27193.62000000,27066.03000000,27192.60000000
2023-06-02 19:00:00,27192.61000000,27208.17000000,27131.02000000,27133.60000000
2023-06-02 19:15:00,27133.61000000,27184.77000000,27133.60000000,27174.60000000
2023-06-02 19:30:00,27174.60000000,27287.64000000,27158.00000000,27270.00000000
2023-06-02 19:45:00,27269.99000000,27279.43000000,27222.85000000,27239.02000000
2023-06-02 20:00:00,27239.03000000,27274.10000000,27234.35000000,27246.69000000
2023-06-02 20:15:00,27246.69000000,27251.19000000,27201.73000000,27234.31000000
2023-06-02 20:30:00,27234.31000000,27242.33000000,27177.58000000,27195.12000000
2023-06-02 20:45:00,27195.12000000,27206.46000000,27172.84000000,27172.84000000
2023-06-02 21:00:00,27172.84000000,27191.37000000,27143.37000000,27156.90000000
2023-06-02 21:15:00,27156.91000000,27173.27000000,27153.66000000,27165.96000000
2023-06-02 21:30:00,27165.96000000,27207.90000000,27165.93000000,27203.27000000
2023-06-02 21:45:00,27203.26000000,27246.11000000,27203.26000000,27207.40000000
2023-06-02 22:00:00,27207.41000000,27236.90000000,27199.00000000,27230.16000000
2023-06-02 22:15:00,27230.17000000,27242.50000000,27228.17000000,27238.15000000
2023-06-02 22:30:00,27238.15000000,27300.00000000,27235.70000000,27278.94000000
2023-06-02 22:45:00,27278.93000000,27280.71000000,27256.23000000,27262.92000000
2023-06-02 23:00:00,27262.91000000,27269.22000000,27261.85000000,27268.44000000
2023-06-02 23:15:00,27268.43000000,27268.44000000,27229.90000000,27237.55000000
2023-06-02 23:30:00,27237.54000000,27254.89000000,27230.05000000,27241.68000000
2023-06-02 23:45:00,27241.69000000,27244.67000000,27232.83000000,27242.59000000
2023-06-03 00:00:00,27242.59000000,27242.60000000,27210.08000000,27217.86000000
2023-06-03 00:15:00,27217.86000000,27217.87000000,27198.16000000,27210.88000000
2023-06-03 00:30:00,27210.88000000,27210.88000000,27165.27000000,27173.68000000
2023-06-03 00:45:00,27173.67000000,27181.80000000,27152.20000000,27165.09000000
2023-06-03 01:00:00,27165.08000000,27184.21000000,27143.16000000,27181.03000000
2023-06-03 01:15:00,27181.04000000,27189.40000000,27128.72000000,27144.16000000
2023-06-03 01:30:00,27144.16000000,27152.51000000,27092.00000000,27130.15000000
2023-06-03 01:45:00,27130.15000000,27152.07000000,27115.95000000,27130.40000000
2023-06-03 02:00:00,27130.41000000,27148.80000000,27130.40000000,27148.79000000
2023-06-03 02:15:00,27148.78000000,27169.26000000,27145.38000000,27152.24000000
2023-06-03 02:30:00,27152.23000000,27154.42000000,27129.17000000,27136.01000000
2023-06-03 02:45:00,27136.00000000,27156.64000000,27136.00000000,27153.26000000
2023-06-03 03:00:00,27153.26000000,27171.47000000,27150.73000000,27169.02000000
2023-06-03 03:15:00,27169.02000000,27169.03000000,27131.89000000,27132.87000000
2023-06-03 03:30:00,27132.87000000,27139.99000000,27132.87000000,27139.99000000
2023-06-03 03:45:00,27139.99000000,27146.16000000,27138.01000000,27143.20000000
2023-06-03 04:00:00,27143.20000000,27144.25000000,27109.90000000,27124.53000000
2023-06-03 04:15:00,27124.52000000,27137.19000000,27115.25000000,27119.62000000
2023-06-03 04:30:00,27119.62000000,27149.22000000,27105.73000000,27149.22000000
2023-06-03 04:45:00,27149.21000000,27163.77000000,27138.26000000,27160.24000000
2023-06-03 05:00:00,27160.24000000,27168.40000000,27144.84000000,27149.87000000
2023-06-03 05:15:00,27149.87000000,27158.65000000,27149.87000000,27153.03000000
2023-06-03 05:30:00,27153.02000000,27160.94000000,27152.87000000,27152.91000000
2023-06-03 05:45:00,27152.91000000,27157.23000000,27137.34000000,27157.20000000
2023-06-03 06:00:00,27157.20000000,27181.14000000,27157.20000000,27172.30000000
2023-06-03 06:15:00,27172.31000000,27212.78000000,27172.30000000,27198.32000000
2023-06-03 06:30:00,27198.31000000,27199.01000000,27189.41000000,27193.59000000
2023-06-03 06:45:00,27193.59000000,27201.81000000,27173.95000000,27182.35000000
2023-06-03 07:00:00,27182.35000000,27200.01000000,27175.90000000,27183.88000000
2023-06-03 07:15:00,27183.88000000,27194.30000000,27181.64000000,27181.64000000
2023-06-03 07:30:00,27181.65000000,27198.88000000,27175.16000000,27186.53000000
2023-06-03 07:45:00,27186.52000000,27186.53000000,27165.23000000,27174.42000000
2023-06-03 08:00:00,27174.42000000,27179.03000000,27167.71000000,27179.02000000
2023-06-03 08:15:00,27179.03000000,27181.00000000,27170.99000000,27170.99000000
2023-06-03 08:30:00,27171.00000000,27171.00000000,27152.07000000,27166.33000000
2023-06-03 08:45:00,27166.34000000,27166.34000000,27141.94000000,27146.62000000
2023-06-03 09:00:00,27146.62000000,27147.41000000,27136.18000000,27147.41000000
2023-06-03 09:15:00,27147.41000000,27150.05000000,27137.18000000,27142.79000000
2023-06-03 09:30:00,27142.79000000,27150.21000000,27135.02000000,27135.20000000
2023-06-03 09:45:00,27135.20000000,27151.52000000,27129.41000000,27151.51000000
2023-06-03 10:00:00,27151.51000000,27154.62000000,27112.73000000,27144.81000000
2023-06-03 10:15:00,27144.82000000,27146.30000000,27138.26000000,27140.37000000
2023-06-03 10:30:00,27140.36000000,27180.03000000,27137.71000000,27154.97000000
2023-06-03 10:45:00,27154.98000000,27154.98000000,27135.02000000,27140.00000000
2023-06-03 11:00:00,27139.99000000,27161.13000000,27138.52000000,27161.13000000
2023-06-03 11:15:00,27161.13000000,27162.38000000,27147.78000000,27158.52000000
2023-06-03 11:30:00,27158.51000000,27171.48000000,27135.18000000,27135.19000000
2023-06-03 11:45:00,27135.19000000,27145.03000000,27123.74000000,27129.79000000
2023-06-03 12:00:00,27129.78000000,27144.28000000,27129.78000000,27143.27000000
2023-06-03 12:15:00,27143.28000000,27169.17000000,27143.27000000,27160.91000000
2023-06-03 12:30:00,27160.92000000,27173.73000000,27160.00000000,27165.06000000
2023-06-03 12:45:00,27165.06000000,27169.98000000,27164.77000000,27165.81000000
2023-06-03 13:00:00,27165.81000000,27165.81000000,27156.44000000,27156.45000000
2023-06-03 13:15:00,27156.44000000,27156.70000000,27149.88000000,27156.70000000
2023-06-03 13:30:00,27156.70000000,27183.99000000,27153.46000000,27183.98000000
2023-06-03 13:45:00,27183.98000000,27183.99000000,27152.51000000,27166.98000000
2023-06-03 14:00:00,27166.97000000,27193.62000000,27166.97000000,27191.12000000
2023-06-03 14:15:00,27191.12000000,27191.13000000,27185.41000000,27187.33000000
2023-06-03 14:30:00,27187.33000000,27193.40000000,27169.77000000,27181.85000000
2023-06-03 14:45:00,27181.86000000,27182.72000000,27171.24000000,27171.24000000
2023-06-03 15:00:00,27171.25000000,27194.00000000,27148.64000000,27148.91000000
2023-06-03 15:15:00,27148.91000000,27239.52000000,27126.85000000,27239.18000000
2023-06-03 15:30:00,27239.18000000,27239.18000000,27202.48000000,27208.49000000
2023-06-03 15:45:00,27208.48000000,27333.29000000,27195.38000000,27305.26000000
2023-06-03 16:00:00,27305.27000000,27310.37000000,27227.19000000,27256.99000000
2023-06-03 16:15:00,27257.00000000,27312.64000000,27237.94000000,27312.08000000
2023-06-03 16:30:00,27312.08000000,27318.63000000,27284.18000000,27284.19000000
2023-06-03 16:45:00,27284.18000000,27289.11000000,27239.50000000,27248.48000000
2023-06-03 17:00:00,27248.49000000,27253.57000000,27197.85000000,27211.10000000
2023-06-03 17:15:00,27211.09000000,27224.30000000,27167.25000000,27174.37000000
2023-06-03 17:30:00,27174.36000000,27192.11000000,27111.79000000,27173.78000000
2023-06-03 17:45:00,27173.79000000,27181.18000000,27138.43000000,27160.90000000
2023-06-03 18:00:00,27160.91000000,27167.09000000,27125.34000000,27149.97000000
2023-06-03 18:15:00,27149.97000000,27183.09000000,27146.52000000,27177.92000000
2023-06-03 18:30:00,27177.92000000,27178.00000000,27167.10000000,27167.79000000
2023-06-03 18:45:00,27167.79000000,27167.79000000,27139.00000000,27147.43000000
2023-06-03 19:00:00,27147.44000000,27160.78000000,27145.18000000,27154.07000000
2023-06-03 19:15:00,27154.06000000,27154.07000000,27126.53000000,27151.10000000
2023-06-03 19:30:00,27151.10000000,27163.13000000,27151.09000000,27163.13000000
2023-06-03 19:45:00,27163.12000000,27163.13000000,27025.59000000,27096.36000000
2023-06-03 20:00:00,27096.37000000,27124.68000000,27072.54000000,27082.00000000
2023-06-03 20:15:00,27082.00000000,27112.52000000,27081.99000000,27102.74000000
2023-06-03 20:30:00,27102.74000000,27119.04000000,27097.73000000,27098.32000000
2023-06-03 20:45:00,27098.32000000,27098.40000000,27054.41000000,27062.33000000
2023-06-03 21:00:00,27062.34000000,27074.66000000,26914.93000000,27006.61000000
2023-06-03 21:15:00,27006.60000000,27030.01000000,26990.09000000,27018.88000000
2023-06-03 21:30:00,27018.88000000,27018.88000000,26945.00000000,26976.34000000
2023-06-03 21:45:00,26976.34000000,27004.41000000,26975.31000000,27004.41000000
2023-06-03 22:00:00,27004.41000000,27048.94000000,27004.40000000,27044.99000000
2023-06-03 22:15:00,27044.99000000,27046.54000000,27039.74000000,27042.03000000
2023-06-03 22:30:00,27042.03000000,27079.79000000,27028.18000000,27069.34000000
2023-06-03 22:45:00,27069.33000000,27079.45000000,27055.59000000,27071.55000000
2023-06-03 23:00:00,27071.55000000,27079.79000000,27065.20000000,27071.83000000
2023-06-03 23:15:00,27071.83000000,27077.15000000,27064.95000000,27077.14000000
2023-06-03 23:30:00,27077.15000000,27085.51000000,27069.55000000,27071.98000000
2023-06-03 23:45:00,27071.98000000,27079.49000000,27050.38000000,27069.22000000
2023-06-04 00:00:00,27069.22000000,27069.23000000,27050.85000000,27053.33000000
2023-06-04 00:15:00,27053.33000000,27062.16000000,27040.69000000,27056.80000000
2023-06-04 00:30:00,27056.80000000,27058.68000000,27040.00000000,27042.86000000
2023-06-04 00:45:00,27042.85000000,27042.86000000,27042.85000000,27042.86000000
